{
  "version": 2,
  "rewrites": [
    { "source": "/(.*)", "destination": "/index.html" }
  ],
  "headers": [
    {
      "source": "/(.*)",
      "headers": [
        {
          "key": "Content-Security-Policy",
          "value": "default-src 'self'; script-src 'self' 'unsafe-inline' 'unsafe-eval' blob: data: https://cdn.tailwindcss.com https://esm.sh https://cdn.jsdelivr.net https://cdnjs.cloudflare.com; style-src 'self' 'unsafe-inline' https://fonts.googleapis.com https://cdnjs.cloudflare.com; img-src * data: blob: https://cdn.jsdelivr.net; font-src 'self' https://fonts.gstatic.com https://cdnjs.cloudflare.com; connect-src *; object-src 'none'; base-uri 'self';"
        },
        {
          "key": "X-Frame-Options",
          "value": "DENY"
        },
        {
          "key": "X-Content-Type-Options",
          "value": "nosniff"
        },
        {
          "key": "Permissions-Policy",
          "value": "camera=(), microphone=(), geolocation=()"
        }
      ]
    }
  ]
}
